{"cameraMode":{"drawMode":0,"name":"Shaded","section":"Shading Mode"},"sceneLighting":true,"audioPlay":false,"sceneViewState":{"m_AlwaysRefresh":false,"showFog":true,"showSkybox":true,"showFlares":true,"showImageEffects":true,"showParticleSystems":true,"showVisualEffectGraphs":true,"m_FxEnabled":true},"in2DMode":false,"pivot":{"x":0.2508038282394409,"y":-19.10195541381836,"z":31.141281127929689},"rotation":{"x":0.25689709186553957,"y":-0.007836590521037579,"z":0.0020790656562894584,"w":0.9664380550384522},"size":22.072019577026368,"orthographic":false}