{"cameraMode":{"drawMode":0,"name":"Shaded","section":"Shading Mode"},"sceneLighting":true,"audioPlay":false,"sceneViewState":{"m_AlwaysRefresh":false,"showFog":true,"showSkybox":true,"showFlares":true,"showImageEffects":true,"showParticleSystems":true,"showVisualEffectGraphs":true,"m_FxEnabled":true},"in2DMode":false,"pivot":{"x":-3.8026981353759767,"y":1.3823530673980713,"z":0.9704496264457703},"rotation":{"x":0.23251880705356599,"y":0.04490947723388672,"z":-0.010733838193118573,"w":0.971538245677948},"size":1.864096760749817,"orthographic":false}