{"cameraMode":{"drawMode":0,"name":"Shaded","section":"Shading Mode"},"sceneLighting":false,"audioPlay":false,"sceneViewState":{"m_AlwaysRefresh":false,"showFog":true,"showSkybox":false,"showFlares":true,"showImageEffects":true,"showParticleSystems":true,"showVisualEffectGraphs":true,"m_FxEnabled":true},"in2DMode":false,"pivot":{"x":-0.24150535464286805,"y":0.8081982731819153,"z":-0.43304288387298586},"rotation":{"x":-0.02576552703976631,"y":0.9581448435783386,"z":-0.09140416979789734,"w":-0.2701147496700287},"size":0.7015164494514465,"orthographic":false}